Year,Category,Description
1783,Global,The hot air balloon was invented.
1792,Global,The New York Stock and Exchange Board is founded.
1796,Global,First smallpox vaccine is administered.
1799,Global,Napoleon comes to power in France.
1801,Global,Great Britian and Ireland unify to form United Kingdom
1804,Global,World population hits 1 billion
1808,Global,Beethoven preforms his Fifth Symphony
1812,Global,Jane Austen publishes Pride and Prejudice
1816,Global,Argentina gains independence
1817,Global,The bicycle is invented
1820,Global,Antartica is discovered
1821,Global,Mexico gains independece
1821,CrossBoarder,"Mexico won its independence from Spain, and San Diego became part of the Mexican territory of Alta California."
1826,Global,Samuel Morey patents the internal combustion engine
1833,Global,British Empire bans slavery
1837,Global,Oliver Twist is published by Charles Dickens
1842,Global,Anaesthesia is used in a medical procedure for the first time.
1846,CrossBoarder,"The Mexican-American war began. Under the terms of the Treaty of Guadalupe Hidalgo in 1848, the U.S. and gained control over the area of San Diego"
1848,Global,Seneca Falls Convention marks the first woman's rights convention in the United States
1850,Tourism,California is granted statehood by the United States of America.
1850,Civic,City of San Diego Incorporation
1850,population,798
1850,Late Industrialization,"""New San Diego is born"""
1852,Global,"Fredrick Douglas delivers his speech ""The Meaning of July Fourth for the Negro"" in Rochester, New York."
1853,Political,San Diego County Board of Supervisors holds its first meeting
1854,Goods Movement,"Warner’s Pass (San Pasqual) road is declared a public road by the San Diego County Board of Supervisors, serving as a main road between San Diego and the Colorado River until 1868, when shorter routes to the south, leading through the pass at Jacumba, began to be used by stagecoaches."
1854,Mobility,"Warner’s Pass (San Pasqual) road is declared a public road by the San Diego County Board of Supervisors, serving as a main road between San Diego and the Colorado River until 1868, when shorter routes to the south, leading through the pass at Jacumba, began to be used by stagecoaches."
1856,Tourism,"Whaley House, built by Thomas Whaley, is the oldest brick structure in southern California. In addition to being the home of the Whaley family, it served variously as granary, store, court-house, and school and as the town’s first theater."
1857,Goods Movement,James Birch establishes the “Jackass” mail route between San Diego and San Antonio; passengers must traverse the Oriflamme Canyon and Colorado Desert on muleback. Stage driver James E. Mason brings first overland mail to town and decides to settle here.
1857,Mobility,James Birch establishes the “Jackass” mail route between San Diego and San Antonio; passengers must traverse the Oriflamme Canyon and Colorado Desert on muleback. Stage driver James E. Mason brings first overland mail to town and decides to settle here.
1859,Global,Charles Darwin publishes On The Origin Of Species.
1860,population,4324
1863,Tourism,"The iron ship Star of India, built on the Isle of Man in 1863, is towed to San Diego but remains in disrepair for the next 30 years."
1865,Global,American Civil War Ends
1865,Global,Slavery abloished in the United States
1868,F.I.R.E.,"Kimball brothers buy 26,400 acres of Rancho de la Nacion and lay out National City."
1868,F.I.R.E.,"Ephraim Morse presents a resolution to the Board of Trustees of San Diego that land be set aside for a city park. Morse, Thomas Bush and Alonzo Horton select the land now known as Balboa Park."
1869,Tourism,"Albert Seeley purchases the run-down Bandini Adobe in Old Town and spends six months in renovation of the old home to create the Cosmopolitan Hotel, building the Seeley Stables next door."
1869,Tourism,"Alonzo Horton completes a wharf at the end of 5th Avenue, at a cost of about $45,000. On March 24, Horton sells $5,500 worth of commercial and residential lots in one day. His new town begins to boom."
1869,Tourism,"Horton Hall opens around Christmas 1869. This two-story brick building on the southeast corner of Sixth and F streets has shops downstairs and a meeting hall with 400 seats upstairs, serving as downtown’s first public theater."
1869,Global,Suez Canal is complete.
1870,Tourism,"San Diego becomes the first city west of the Mississippi to set aside land for an urban park. This 1440 acre tract becomes the site for City Park, now Balboa Park."
1870,Tourism,first major hotel was built
1870,F.I.R.E.,first bank in the San Diego: the Bank of San Diego; followed by the Commercial Bank of San Diego in 1872. The tow merged in the Consolidated Bank of San Diego in 1879. (https://sandiegohistory.org/archives/books/smythe/part6-8/)
1870,population,4951
1871,Global,The feudal system is dismantled in Japan
1873,Global,Blue jeans are invented.
1873,Mobility,Thomas Scott of Pennsylvania Railroad sets off brief railroad boom with start of construction of Texas & Pacific Railroad from San Diego east
1875,Tribal,"President Ulysses S. Grant signed an Executive Order creating tribal reservations for Santa Ysabel, Pala, Sycuan, La Jolla, Rincon, and Capitan Grande."
1877,Global,Asaph Hall discovers the moons of Mars
1877,HiTech,Lieutenant Reade of the U.S. Weather Bureau gives first public demonstration of the telephone in San Diego County.
1878,Global,First commercial telephone exchange.
1879,Global,Thomas Edison invents the light bulb.
1880,Tourism,Frank Kimball of National City founds the San Diego County Fair.
1880,population,8618
1881,Mobility,California Southern started to build San Diego’s first outside rail connection. a line from National City to Colton
1882,HiTech,San Diego Telephone Company begins operation
1882,Goods Movement,Carlsbad Mineral Water was discovered
1883,Global,"The volcano Krakatoa erupts, it's the largest eruption in modern history."
1883,HiTech,"John Montgomery makes world’s first “controlled flight” in a “heavier than air” craft, flying 600 feet in a glider at Otay Mesa. Montgomery is later killed in a 1911 glider crash."
1885,Tourism,Construction of Hotel del Coronado begins in 1886
1885,Goods Movement,Transcontinental railroad reaches San Diego. The first train of the California Southern departs from San Diego on November 15 and on November 21 the first train arrives from the east.
1885,Mobility,"to 1890 - saw the organization and construction of no fewer than five independent railroad lines: the Central California; the National City & Otay; the San Diego, Old Town & Pacific Beach; the Coronado; and the San Diego, Cuyamaca and Eastern. In addition, Santa Fe built a new link from Oceanside to Orange County — the “Surf Line,” and San Diego’s first horsedrawn trolleys began to ply the city’s streets."
1885,Mobility,Transcontinental railroad reaches San Diego.
1886,Global,Karl Benz sells the first commercial automobile.
1886,HiTech,First electric street lights installed in San Diego.
1886,Goods Movement,"Construction begins on Cuyamaca Dam and a wooden flume 35 miles long to bring water to San Diego, completed in 1888."
1886,Mobility,San Diego Street Car Company Begins Service
1886,Late Industrialization: Electrification,Public Transportation Begins
1887,Civic,National City Incorporation
1887,Mobility,The first electric motor makes test run on new tracks up Broadway to Kettner and on to Old Town
1888,Civic,Escondido Incorporation
1888,Civic,Oceanside Incorporation
1888,HiTech,"Sweetwater Dam, a major engineering feat and San Diego County’s first major dam, is completed by the Kimball Brothers Water Company, supplying water for National City and Chula Vista. Speeches and music mark the celebration on April 19. The dam measures 396 feet in length and 12 feet wide at the top, 75 feet in length and 46 feet wide at the base. Original plans for building the dam 60 feet in height were changed to 98 feet, increasing capacity of the reservoir fivefold."
1888,F.I.R.E.,"San Diego’s 1880s real estate boom ends. By the end of the decade the population has dropped from 40,000 to 16,000."
1889,Global,Vincent van Gogh paints Starry Night
1890,Civic,Coronado Incorporation
1890,population,34987
1891,Global,Completion of the Tran-Siberian Railroad
1892,Tourism,"Fisher Opera House opens on Fourth Street between B and C, an opulent but practical house seating 1400 in the best theater on the West Coast."
1892,Global,Basketball is invented.
1893,F.I.R.E.,Wall Street panic leads to lengthy depression.
1894,F.I.R.E.,"Bad times encourage Alonzo Horton to sell his half-block Horton Plaza park to the city for $10,000, stipulating that it must remain a park forever. Under the agreement, the city agrees to pay Horton $100 a month with no interest and no down payment. In the event of Horton’s death, the city would acquire the property outright. The city fathers underestimate Horton’s endurance. In April 1903, 89-year-old Horton cashes the final payment for a total of $16,000. Today Horton’s park fronts Horton Plaza and has been renamed Horton Plaza Park."
1896,Global,The Olympic Games are revived in Athens
1898,Education,SDSU Opens
1899,Military,"Army establishes Fort Rosecrans, named after General Rosecrans, an 1842 graduate of the US Military Academy. It remains an Army base until transfer to the Navy in 1959 for the purpose of building a submarine base on Ballast Point."
1900,population,35090
1902,Political,"By decision of the U.S. Supreme Court, Indian inhabitants of Cupa, San Felipe and nearby villages around Warner Springs are evicted and removed to lands near the Pala Reservation."
1903,Global,The first heavier-than-air controlled flight is preformed by the Wright Brothers
1904,Healthcare,"San Diego County Hospital opens at the north end of Front Street on mesa overlooking Mission Valley. Total cost is about $60,000.The 90 patients residing in the previous county medical institution, the County Poor Farm in Mission Valley, are transferred up the hill on May 15th."
1907,Tourism,"Development of Presidio Park begins; Marston, Spreckels, Scripps and other investors begin buying Presidio property to preserve as a park."
1907,F.I.R.E.,"Development of Presidio Park begins; Marston, Spreckels, Scripps and other investors begin buying Presidio property to preserve as a park."
1908,Military,Great White Fleet
1908,Late Industrialization: Electrification,Great White Fleet
1910,Political,Spreckels forces a ballot initiative
1910,population,61665
1911,Tourism,Miramar Air show hold inaugural show
1911,Civic,Chula Vista Incorporation
1911,Global,"Xinhai Revolution in China overthrows the Qing Dynasty, the last imperial dynasty in China."
1911,HiTech,"Glenn Hammond Curtiss makes world’s first successful seaplane flight from waters off Spanish Bight, a mile-ling stretch between North Island and Coronado (now filled in)."
1912,Tourism,"Spruce Street’s suspension bridge, between Front and Brant, was built to give residents access to the streetcars running along Fourth."
1912,Tourism,Spreckels Theatre opens with 1915 seats (the year of the coming Exposition). It is the first modern commercial playhouse west of the Mississippi.
1912,Civic,La Mesa Incorporation
1912,Civic,El Cajon Incorporation
1912,Political,"William Kettner (1864-1930) is elected to the U.S. House of Representatives from California 11th District, 1913-1921"
1912,Military,"Navy establishes a base on North Island, with three airplanes and three fliers. On Thanksgiving Day, 1912, the Army Signal Corps establishes Rockwell Field with an aviation school on North Island."
1912,Mobility,"Spruce Street’s suspension bridge, between Front and Brant, was built to give residents access to the streetcars running along Fourth. The only suspension bridge still standing in the city was designed by Edwin M. Capps, City Engineer and later Mayor of San Diego."
1913,Tourism,Broadway Pier is constructed with a $1.7 million bond issued by the city.
1913,Goods Movement,Broadway Pier is constructed
1914,Tourism,"Santa Fe Depot construction begins June 15, replacing the earlier Grand Union Depot."
1914,Mobility,"Cabrillo Bridge opens on April 12, 1914. The first car is driven across with Franklin D. Roosevelt, Assistant Secretary of the Navy, G. Aubrey Davidson, and Mayor Charles F. O’Neall as passengers."
1915,Tourism,San Diego hosts the Panama-California Exposition
1915,Global,The Armenian Genocide in the Ottoman Empire
1915,Mobility,The New Santa Fe Depot
1915,Late Industrialization: Electrification,Panama-California Exposition
1916,Tourism,Dr. Harry Wegeforth brings the San Diego Zoo into being when animals imported for the 1915 Panama-California Exposition are quarantined and not allowed to leave.
1917,Military,Army Camp Kearny (later MCAS Miramar) and Marine Corps Camp Mathews (later UCSD)
1917,Military,U.S. Navy opens the most powerful radio station in the Western Hemisphere at Chollas Heights.
1917,Military,"World War I prompts San Diego military buildup. Camp Kearny is established, named in honor of Gen. Stephen Kearny who led the Army of the West to San Diego in 1846. It costs $4.5 million to build and is closed in 1920."
1917,Military,"U.S. Marine Base and Naval Hospital approved; government purchases North Island, its Rockwell Field shared by the Army and Navy until 1939."
1918,Global,WWI ends.
1919,Military,Commander Navy Southwest established (formerly known as Naval Base San Diego / Eleventh Naval District)
1919,Goods Movement,"San Diego & Arizona Railroad is finally completed. John D. Spreckels drives the final golden spike. A thousand spectators observe. After thirteen years of labor (and $17,000,000) San Diego achieves a direct link with the East."
1920,Tribal,Many California Natives join together to challenge federal powers through the Mission Indian Federation
1920,Goods Movement,"San Diego’s Pacific Marine Construction company launches two concrete ships, the Cuyamaca and the San Pasqual. Begun during WWI but completed after the war ended, both ships serve as oil tankers."
1920,population,112284
1920,housing,44969
1920,Jobs,26710
1921,Global,Russia invades Georgia. Beginning the Soviet Union.
1921,Military,Naval Training Center San Diego (Marine Corps Recruit Depot)
1922,Healthcare,Naval Hospital Balboa Park is commissioned on 22 August with initial capacity of 250 beds.
1922,Military,US Navy Destroyer Base (Naval Base San Diego)
1922,Mobility,First motor bus the #1 from Chula Vista to National City
1924,Healthcare,"Ellen Browning Scripps made a $250,000 contribution to establish the forty-four-bed Scripps Hospital in La Jolla"
1924,Global,"Vladamir Lenin dies, leading to a power struggle between Trotsky and Stalin."
1924,Military,First US Aircraft Carrier (USS Langley) operates out of North Island
1924,Late Industrialization: Electrification,Ellen Browning Scripps funds 44 bed hospital
1925,Tourism,Mission Beach Amusement Center (now Belmont Park) opens.
1925,Military,US Naval Hospital
1927,Tourism,"The Fine Arts Gallery in Balboa Park, designed by William Templeton Johnson and funded by Appleton Bridges, is dedicated & opens to the public. It is now the San Diego Museum of Art."
1927,Tourism,El Cortez Hotel opens as San Diego’s “finest” furnished apartment-hotel.
1927,HiTech,"Charles Lindbergh departs from Rockwell field, North Island, Coronado, in the Spirit of St. Louis, a custom M-1 monoplane built in San Diego by Ryan Airlines. Lindbergh completes his historic solo nonstop flight from New York to Paris May 20-21."
1928,Tourism,San Diego Municipal Airport – Lindbergh Field was dedicated
1928,Tribal,California Natives challenge past US actions and obtain a partial settlement for some claims
1928,Global,Penicillin is discovered.
1928,Mobility,"San Diego International Airport opened on August 16, 1928."
1930,Global,FIFA World Cup is held for the first time.
1930,Goods Movement,"At San Diego International Airport, the San Diego-Los Angeles airmail route was initiated on June 1. At 5 p.m. sharp, the first airmail plane left the only building at the airport."
1930,population,209659
1930,housing,92769
1930,Jobs,40926
1932,Tribal,"The people of the Capitan Grande reservation that was established in 1875 were moved to two different ranches in 1932 after the City of San Diego acquired 7,000 acres of land for the El Capitan Reservoir.."
1932,Manufacturing,"Reuben H. Fleet moves Consolidated Aircraft (which becomes Convair) from Buffalo, New York to San Diego. Fleet had organized the first U.S. Air Mail Service in 1918."
1932,Service Society: Mobility,Convair moves to San Diego
1933,Tourism,The Natural History Museum opens in Balboa Park
1933,Healthcare,the first hospital in Escondido opened under the name Escondido Community Hospital
1933,Global,Prohibition in the United States is abolished.
1933,Mobility,The eleventh district of the California Division of Highways was created
1935,Tourism,The Old Globe Theatre opens in Balboa Park
1935,Manufacturing,Consolidated Aircraft opens first plant along Pacific Highway to build 50 P-30 pursuit planes for Army. First PBY-1 is launched on test flight on San Diego bay in 1936 – Consair employment rises from 900 in 1935 to 3700.
1935,Service Society: Mobility,Ruben Fleet Consilidated Aircraft
1936,Tourism,Del Mar turf Club (del mar racetrack) opens
1937,Military,US Coast Guard Air Station
1937,HiTech,"Richard Archbold makes first transcontinental flight from San Diego to New York City in a seaplane built by Consair. The following year the Archbold expedition sets off from San Diego on a global survey of potential oceanic and continental air routes (pilots Steve Barinka, Russell Rogers). It arrives back in San Diego on July 6, 1939 as the first around-the-world seaplane flight at the equator."
1938,Tourism,San Diego Civic Center opens
1939,Global,"Nazi's invade Poland, marking the beginning of WWII."
1939,Military,National War Emergency Declared
1939,Military,"Naval Air Station, Miramar develops on the site of Camp Kearny."
1939,Manufacturing,Goodrich Corp Aerostructures Systems established in San Diego
1939,Service Society: Mobility,National war emergency declared
1940,Tribal,American Indians volunteer in large numbers for military service
1940,Military,Marine Base Camp Elliott
1940,population,289348
1940,housing,113448
1940,Jobs,93471
1941,Global,"Japans bombs Pearl Harbor, involving the United States in WWII"
1941,Military,"San Diego Naval Air Station begins training pilots for U.S. Air Force (a total of 31,400 during World War II)."
1941,F.I.R.E.,"Construction begins on Linda Vista defense housing project. The biggest construction job in SD’s history – McNeil and Zoss contract to build 3000 units in 300 days for $9,070,000."
1942,Military,"Navy acquires Rancho Santa Margarita for Camp Pendleton Marine base on 126,000 acres north of Oceanside."
1942,Goods Movement,"San Diego International Airport: The U.S. Army Air Corps took over the airport in 1942, and Army engineers improved the existing runways to accommodate the heavy bombers churned out by San Diego's aircraft manufacturers during World War II."
1944,Military,Navy begins emergency construction of aqueduct to bring Colorado River water to San Diego.
1944,Goods Movement,San Diego County Water Authority created
1945,Healthcare,"By the end of WWII, the Naval Hospital grows to 241 buildings with a bed capacity of 10,499."
1945,Political,Senate ratifies a treaty giving a portion of Colorado River water to Mexico.
1945,Political,San Diego voters approve 2 million dollar bond issue to begin development of Mission Bay.
1945,Military,Navy Electronics Laboratory Established (NAVWAR?)
1945,F.I.R.E.,World War II ends. San Diego soon experiences recession.
1946,Political,San Diego assumes responsibility to finance completion of San Diego Aqueduct. Voters approve $2 million water bonds and annexation of County Water Authority to Metropolitan Water District
1946,Military,Submarine Group San Diego (Naval Base Point Loma)
1947,Global,The sound barrier is broken by a human flown aircraft.
1947,Goods Movement,San Diego Water Authority with Navy and U.S. Bureau of Reclamation to construct the first two pipelines linking San Diego County and the Colorado River Aqueduct
1948,Global,OECD and WHO are established.
1948,HiTech,Palomar Observatory opens in June. Construction on the 200-inch mirror had begun in 1934.
1949,Tourism,Pacific Southwest Airlines established its headquarters in San Diego and started service at Lindbergh Field
1949,Education,Construction of what will become the first college of USD begins
1949,Global,Mao comes to power in the People's Republic of China.
1950,Healthcare,Palomar Memorial Hospital opened with a capacity of 37 beds
1950,population,556808
1950,housing,254903
1950,Jobs,169010
1951,Manufacturing,Cubic Inc established in San Diego
1952,Tourism,San Diego Open (now Farmers Insurance Open) begins annual golf tournament
1952,Civic,Carlsbad Incorporation
1952,Military,Miramar Naval Air Station
1953,Healthcare,"The Naval hospital treats about 90,000 patients during the Korean conflict"
1953,Global,The first ascent of Mt. Everst is achieved.
1953,HiTech,WD-40 invented in a small lab in San Diego
1953,Mobility,City Charter amendment was to give the City Council the authority to build or approve the construction of any roads in parks.
1955,Education,"San Diego City Council offers the University of California, at no cost, “city-owned land for students who are desirous of entering into the professional field of engineering.”"
1955,Healthcare,Grossmont Hospital opens
1955,Civic,"San Diego City Council offers the University of California, at no cost, “city-owned land for students who are desirous of entering into the professional field of engineering.”"
1955,Civic,San Diego City Council offers 300-acre gift of Torrey Pines land to General Atomic
1955,Military,General Atomics
1955,Service Society: Mobility,San Diego City Council gifts land
1956,Civic,Imperial Beach Incorporation
1957,Healthcare,"Sharp performs San Diego's first cardiac catheterization, a procedure that enables cardiologists to see inside the heart and major arteries."
1957,Global,Russian's launch Sputnik 1
1957,Military,"First test of USAF Atlas A missile is launched, built in San Diego by Convair. Fort Rosecrans transferred to US Navy."
1958,Healthcare,Sharp Memorial Hospital performs San Diego's first open-heart surgery.
1958,Retail,City Council approves zone change to allow May Department Stores Company to build shopping center in Mission Valley. (https://sandiegohistory.org/archives/books/citydream/chronology/). The Mall (1st in the county) was completed in 1961.
1958,Mobility,"Interstate Highway 8 opens in February, following ancient Indian trails through Mission Valley."
1959,Civic,land gifted for the UCSD campus
1959,Civic,Del Mar Incorporation
1959,Manufacturing,General Dynamics established in San DIego
1960,Education,San Diego State College becomes a member of the California State University system.
1960,Education,"On November 18, the University of California, San Diego is officially established and students enroll. The campus is realized through state appropriations, a donation from General Dynamics and a gift from the city of 63 acres of pueblo land northeast of Scripps Institution of Oceanography."
1960,Education,SDSU establishes KPBS-FM educational radio station
1960,Civic,"in a special referendum, the citizens of San Diego overwhelmingly voted support for the gift of these pueblo lands to the Salk Institute"
1960,Political,State approves proposition to deliver water from northern California as far south as San Diego.
1960,Global,"The Year of Africa, 17 African nations gain independence."
1960,Mobility,San Diego International Airport: United Airlines became the first airline to offer pure jet service in September 1960
1960,population,1033011
1960,housing,512053
1960,Jobs,305201
1961,Tourism,American Football League Chargers open first season at Balboa Stadium.
1961,Tourism,Mission Valley Shopping Center opens.
1961,Healthcare,Sharp HealthCare installs the first electronic pacemaker west of St. Louis.
1961,Retail,Mission Valley Shopping Center opens.
1961,Retail,Grossmont Shopping Center opens.
1962,Healthcare,"The first major long-term rehabilitation center specializing in care for patients with spinal cord, stroke and brain injuries opens at Sharp Memorial Hospital."
1962,Goods Movement,San Diego Unified Port District created
1963,Education,John F. Kennedy give commencement speech at San Diego State College (later SDSU)
1963,Healthcare,"Construction of the new, 600-bed County Hospital is completed in July at a cost of $11.5 million for building and equipment.(UCSD)"
1963,Civic,San Marcos Incorporation
1963,Civic,Vista Incorporation
1963,Global,"MLK delivers ""I Have A Dream"" speech"
1963,Goods Movement,San Diego Unified Port District: Tenth Ave. Marine Terminal Bulkloading Facility Completed
1964,Tourism,Seaworld opens
1964,Education,"University of California at San Diego opens 1,000-acre La Jolla campus"
1964,Healthcare,The new 240-bed Scripps Memorial Hospital La Jolla opens on Genesee Avenue.
1964,Political,City Administration Building opens downtown at Community Concourse.
1964,CrossBoarder,"The end of the Bracero program (the official temporary worker arrangement started in 1942) prompts a flow of migrant workers back to Mexico. The Mexican government establishes an industrialization program to create job opportunities for those workers. Maquiladoras, or “assembly plants,” are built in border towns to employ Mexican labor who will assemble goods for the U.S. market. The maquiladora industry increases interdependance between the countries."
1964,Service Society: Mobility,UC San Diego opens La Jolla campus
1965,Manufacturing,Maxwell Technologies Inc established in San Diego
1965,Manufacturing,"Mexico authorizes maquiladora factories, Mexican assembly or manufacturing operations that can be wholly or partially owned and managed by non-Mexican companies."
1966,Tourism,Bob Breitbard completes Sports Arena in Midway area.
1966,Education,"UC San Diego begins operating “University Hospital” as its primary clinical teaching facility. Second College is renamed after conservationist and author, John Muir."
1966,Civic,Local governments create the Comprehensive Planning Organization (CPO) as a long-range planning department within the San Diego County government under a state authorized joint powers agreement.
1967,Tourism,"$27 million San Diego Stadium opens in Mission Valley as home to the San Diego Chargers and the San Diego State University Aztecs football team, and expanded to the San Diego Padres in 1969."
1967,Healthcare,UC San Diego Health announces plans to open the region’s first kidney transplant unit.
1968,Tourism,The minor-league San Diego Padres become a Major League Baseball team
1968,Healthcare,"A pioneering family planning clinic is opened, offering contraception information and all types of birth control options.(UCSD)"
1968,Healthcare,"San Diego’s first organ transplant, a kidney transplant, is performed on a 32-year-old former aircraft worker with a kidney donated by his older brother. (UCSD)"
1968,F.I.R.E.,Committee of 100 leads successful bond drive for first historic reconstruction in Balboa Park (Casa del Prado completed 1971).
1968,Goods Movement,San Diego Unified Port District: Cargo handling begins at National City Marine Terminal
1969,Tourism,San Diego–Coronado Bay Bridge opens
1969,Retail,Fashion Valley Mall opens.
1969,Global,Apollo 11 lands a man on the moon for the first time.
1969,Military,Coronado Bridge Opens
1969,Mobility,San Diego–Coronado Bay Bridge opens
1970,Tourism,"San Diego City Council dedicates 6,000 acre La Jolla Underwater Park"
1970,Tourism,Comic-Con
1970,Tourism,Mexican-American community campaigns for creation of Chicano Park beneath San Diego-Coronado Bay Bridge.
1970,Tourism,Port of San Diego: First Port cruise ship call out of San Diego
1970,Civic,Governor designates CPO as the Metropolitan Planning Organization to assure areawide coordination and to serve as the technical and informational resource for local governments.
1970,Political,Mayor and council members indicted in Yellow Cab scandal.
1970,population,1357854
1970,housing,652780
1970,Jobs,449700
1971,Retail,Bazaar del Mundo opens shop in Old Town featuring specialty Latin America gifts and items.
1971,Civic,State further designates CPO as the Regional Transportation Planning Agency; Airport Land Use Commission; and Areawide Clearinghouse for federal/state grant reviews.
1971,Manufacturing,Kyocera established in San Diego
1972,Healthcare,Sharp Memorial Hospital features San Diego's first fully computerized laboratory reporting system.
1972,Healthcare,Sharp introduces San Diego's first patient representative program with a full-time staff member. The representative acts as an advocate for patients in meeting their needs and concerns during hospitalization.
1972,Healthcare,The Veterans administration opens a $48 million hospital adjacent to UCSD Hospital.
1972,Retail,Shopping Center opens in El Cajon later to be named Parkway Plaza
1972,Tribal,Southern California Tribal Chairmen's Association (SCTCA) is established. It is a nonprofit composed of 20 federally recognized Indian tribes in Southern California with goals to serve the health welfare cultural and economic needs of tribal members.
1972,Civic,Local governments establish CPO as an independent Joint Powers Agency.
1972,Political,"San Diego is chosen as the site of Republican National Convention; in a last-minute about-face, Republicans announce plans to move convention site to Miami Beach. The loss of the convention prompted Mayor Pete Wilson to declare San Diego “America’s Finest City”."
1973,Tourism,Reuben H. Fleet Space Theater opens to the public in Balboa Park.
1973,Healthcare,Neurologists successfully treat refractory epilepsy patients with a special brain surgery that removes small sections of the brain where seizures occur.(UCSD)
1973,Global,"Pink Floyd releases ""Dark Side of the Moon"""
1973,Knowledge Society: Technology,City rezones Torey Mesa pueblo lands
1974,Healthcare,Sharp HealthCare introduces the first driver-education program for disabled individuals in San Diego.
1975,Tribal,Jamul Indian Village finally receives federal trust status. Other landless California tribes such as the San Luis Rey Band of Mission Indians continue to seek federal recognition.
1975,Civic,CPO develops & adopts first ever comprehensive Regional Transportation Plan.
1975,Civic,"Mayor Pete Wilson launches plans for a dramatic redevelopment of downtown San Diego, creating Centre City Development Corporation."
1975,Population2,1616900
1975,Housing Costs 1975,100
1976,Healthcare,Sharp debuts San Diego's first hospital-based alcohol and drug treatment program.
1976,Healthcare,· San Diego's first total body Computerized Tomography (CT) scanner to provide a three-dimensional detailed image of internal organs.
1976,Healthcare,The Regional Trauma Center opens.(UCSD)
1976,Population2,1642800
1976,Housing Costs 1975,111.5092
1977,Healthcare,The UC San Diego Outpatient Center in Hillcrest is completed.
1977,Healthcare,San Diego Hospice is founded.
1977,Healthcare,"Pomerado Hospital opened as the District’s second hospital, which today is a 107-bed acute-care facility."
1977,Retail,University Towne Centre shopping mall opens near UCSD.
1977,Civic,Lemon Grove Incorporation
1977,Global,Star Wars becomes the highest grossing movie of all time.
1977,Mobility,San Diego Transit carries over 30 million passengers on 44 routes with a fleet of 350 buses and a flat-rate fare of $0.35.
1977,Population2,1715500
1977,Housing Costs 1975,135.5049
1978,Education,"San Diego's first biotechnology company, Hybritech, is co-founded by UC San Diego assistant professor Ivor Royston and his research assistant Howard Birndorf. Since then, faculty, staff and alumni have created more than 640 companies, including many local biotech firms."
1978,Civic,The Local Technical Assistance (LTA) program is started for member governments. CPO helps establish the Automated Regional Justice Information System (ARJIS). CPO is jointly designated with County government to implement federal & state Clean Air Acts.
1978,Political,"California voters approve Proposition 13 (limits to property tax), throwing local municipal finances into chaos."
1978,Global,Artificial Insulin is invented.
1978,Population2,1775400
1978,Housing Costs 1975,164.4408
1979,HiTech,The Life Flight helicopter-ambulance program is inaugurated.
1979,Mobility,MTDB's Board Member Maureen O'Connor negotiates purchase of SD&AE Railway For $18.1 million. Annual ridership in this decade improves from 18 million to 35 million.
1979,Population2,1827600
1979,Housing Costs 1975,195.4397
1980,Tribal,Gaming begins to grow in importance to some of the local Indian Nations.
1980,Civic,Poway Incorporation
1980,Civic,Santee Incorporation
1980,Civic,CPO renames itself as the San Diego Association of Governments (SANDAG).
1980,Military,SANDAG and Armed Forces MOA (revised in 1986)
1980,Mobility,"The San Diego Trolley, first line in the city’s new light-rail transit system, is dedicated."
1980,population,1861846
1980,housing,856875
1980,Jobs,720018
1980,Population2,1861846
1980,Housing Costs 1975,213.4093
1981,Retail,Plaza Bonita shopping center opens in National City.
1981,CrossBoarder,San Diego Trolley begins service to border. San Diego Trolley inaugural run takes place between U.S. International Border and Downtown San Diego.
1981,Mobility,"San Diego Trolley begins service to border! San Diego Trolley inaugural run takes place on 15.9 ""South Line"" between U.S. International Border and Downtown San Diego."
1981,Population2,1927018
1981,Housing Costs 1975,229.8046
1982,Healthcare,many employers began to offer employees preferred provider organizations (PPOs) and HMO plans other than Kaiser
1982,Political,"Pete Wilson elected to U.S. Senate, first U.S. senator from San Diego."
1982,Global,Michael Jackson releases Thriller album
1982,Population2,1972354
1982,Housing Costs 1975,230.8361
1982,Knowledge Society: Technology,Research Consortium
1983,Healthcare,Sharp creates the first hospital-based program designed for the young children of alcoholics and other chemically dependent parents at Sharp Vista Pacifica
1983,Political,Roger Hedgecock elected mayor (resigns in 1985 over campaign fund-raising scandal).
1983,Global,"ARPANET (later ""internet"") is created."
1983,Goods Movement,"Otay Mesa Land Port of Entry opened to traffic, providing additional capacity to the border."
1983,CrossBoarder,Otay Mesa Land Port of Entry (POE) opened
1983,Population2,2018133
1983,Housing Costs 1975,232.8447
1984,HiTech,UC San Diego is designated one of the first five national Alzheimer’s disease research centers by the National Institute on Aging.
1984,Population2,2066419
1984,Housing Costs 1975,241.1509
1985,Tourism,Horton Plaza shopping center opens
1985,Healthcare,Sharp Memorial Hospital performs the first implantation of an implantable cardioverter defibrillator (ICD)
1985,Retail,Horton Plaza shopping center opens as $140 million cornerstone of downtown redevelopment.
1985,Manufacturing,Axelgaard Manufacturing Co. Ltd established in San Diego
1985,CrossBoarder,Otay Mesa POE opens to bidirectional passenger and northbound commercial traffic. Southbound commercial processing continues at San Ysidro (Virginia Ave.)
1985,Mobility,East Line
1985,Population2,2126090
1985,Housing Costs 1975,252.6059
1985,Knowledge Society: Technology,UC San Diego Connect
1986,Education,"The San Diego Supercomputer Center opens at the University of California, San Diego"
1986,Retail,North County Fair shopping center opens in Escondido.
1986,Civic,Encinitas Incorporation
1986,Civic,Solana Beach Incorporation
1986,Political,Maureen O’Connor is elected as San Diego’s first woman mayor
1986,Global,Challenger and Chernobyl disasters.
1986,HiTech,"The San Diego Supercomputer Center opens at the University of California, San Diego, providing the national research community with access to the highest-performance computers available.​"
1986,Manufacturing,ViaSat Inc established in San Diego
1986,Population2,2196834
1986,Housing Costs 1975,268.1868
1987,Education,UC San Diego Alumnus Susumu Tonegawa wins the Nobel Prize for Physiology or Medicine for his discovery of the genetic mechanism that produces antibody diversity.
1987,Tribal,California v. Cabazon Band of Mission Indians is passed by the US Supreme Court. It held that Indian Nations have the right to establish gaming standards for any activities that are legal in the State.
1987,Global,World population reaches 5 billion
1987,Manufacturing,Life Technologies Corp established in San DIego
1987,Population2,2275309
1987,Housing Costs 1975,287.3507
1988,Tourism,San Diego hosts its first Super Bowl
1988,Tribal,Federal Indian Gaming Regulatory Act (IGRA) passes after a long legal battle that went through the US Supreme Court. This law provides framing for national regulation of Native American gaming.
1988,Political,TransNet approved
1988,Mobility,TransNet approved
1988,Population2,2364284
1988,Housing Costs 1975,326.8187
1989,Retail,Del Mar Highland Town Center opens
1989,Global,The fall of the Berlin Wall
1989,Population2,2444380
1989,Housing Costs 1975,400
1990,Education,"California State University, San Marcos, opens"
1990,Healthcare,"Sharp HealthCare performs its first kidney transplant on July 19, 1990, at Sharp Memorial Hospital."
1990,Healthcare,Scripps Green Hospital starts San Diego’s first successful liver transplant program.
1990,Tribal,Most of the tribes had developed or had agreements to develop gaming facilities as a means of economic development
1990,Tribal,"Indian gaming becomes a key part of the San Diego regional economy. The Barona, Campo, Jamul Indian Village, Pala, Pauma and Yulma, San Pasqual, Sycuan, and Viejas reservations all have open gaming facilities. La Posta and Santa Ysabel have closed gaming facilities."
1990,Tribal,Tribal EPA officers are established throughout the region
1990,Tribal,Native American Graves Protection and Repatriation Act is passed to provide avenue for the repatriation of human remains and cultural items
1990,Civic,SANDAG helps start the San Dieguito River Valley Park Joint Powers Authority.
1990,Political,"Former San Diego Mayor Pete Wilson is elected Governor of California, the state’s first governor from San Diego."
1990,Goods Movement,San DIego Unified Port District: National City Marine Terminal receives first vehicle imports
1990,Mobility,Bayside Line
1990,population,2498016
1990,housing,1099800
1990,Jobs,887403
1990,Population2,2512365
1990,Housing Costs 1975,423.8871
1990,Jobs2,262190
1990,Unemployment Rate,4.63
1991,Population2,2553122
1991,Housing Costs 1975,421.8784
1991,Jobs2,271730
1991,Unemployment Rate,6.24
1992,Education,"Scripps Institution of Oceanography at UC San Diego opens the Stephen Birch Aquarium and Museum on September 16, 1992."
1992,Healthcare,Sharp performs its first heart-lung transplant surgery.
1992,Healthcare,California Public Employees Retirement System (CalPERS) took an assertive bargaining stance with health plans on behalf of its one million state and local government enrollees
1992,Tribal,Native American Historic Protection Act is passed and provides avenues for Native American nations to protect their historical cultural lands
1992,Goods Movement,"State designates SANDAG as the San Diego-Coronado Bridge Toll Authority. SANDAG helps form a five-county rail coalition, and purchases rail right-of-way from Santa Fe Railway for the COASTER, and the Oceanside to Escondido SPRINTER rail commuter services."
1992,Mobility,North Line
1992,Population2,2593126
1992,Housing Costs 1975,416.1781
1992,Jobs2,265590
1992,Unemployment Rate,7.21
1993,Political,Susan Golding elected Mayor of City of San DIego
1993,Manufacturing,General Atomics Aeronautical Systems Inc established in San DIego
1993,LU & EP,Shoreline Preservation Strategy
1993,Population2,2599776
1993,Housing Costs 1975,399.0228
1993,Jobs2,269770
1993,Unemployment Rate,7.79
1994,Goods Movement,North America Free Trade Agreement (NAFTA) was enacted. Side agreements result in the creation of the North American Development Bank (NADB) and the Border Environmental Cooperation Commission (BECC) spurring high levels of border related investment.
1994,CrossBoarder,North America Free Trade Agreement (NAFTA) was enacted. Side agreements result in the creation of the North American Development Bank (NADB) and the Border Environmental Cooperation Commission (BECC) spurring high levels of border related investment.
1994,CrossBoarder,Operation Gatekeeper was enacted leading to the construction of fence refortifications along the border and increasing the budget for U.S. Border Patrol. Over the next few years the number of officers and budget for BorderPatrol would double.
1994,Population2,2614685
1994,Housing Costs 1975,389.4137
1994,Jobs2,282390
1994,Unemployment Rate,7.06
1995,Healthcare,"HMOs accounted for about half of 2.1 million insured enrollees, including two-thirds of employment-based health insurance enrollees, 43 percent of Medicare enrollees, and about 17 percent of Medi-Cal enrollees"
1995,Civic,"The San Diego County Water Authority joins SANDAG as an advisory member. SANDAG plays a major role in bringing together, and most importantly, holding together, all participants in the San Diego County Investment Fund."
1995,Manufacturing,General dynamics closes Convair division in SD
1995,CrossBoarder,Virginia Ave border crossing (which was located in where the current PedWest facility is) closes for commercial operations and all is consolidated at the Otay Mesa POE
1995,Mobility,COASTER service began
1995,LU & EP,Nearshore Habitat Inventory
1995,Population2,2623697
1995,Housing Costs 1975,383.6048
1995,Jobs2,299420
1995,Unemployment Rate,6.33
1996,Healthcare,"UC San Diego Health surgeons successfully separate conjoined twins, born attached at the chest and abdomen. The separated twins are discharged nine days later."
1996,Political,"San Diego hosts Republican National Convention, first national political convention in San Diego history."
1996,Global,Dolly the sheep becomes the first successful cloned mammal.
1996,CrossBoarder,SANDAG creates the Committee on Binational Regional Opportunities (COBRO) to help coordinate on increasingly dynamic border issues
1996,CrossBoarder,"Secure Electronic Network for Travelers Rapid Inspection (SENTRI) lane opened at Otay Mesa LPOE (1 lane), which was the first of it's kind to be implemented in the U.S."
1996,Mobility,"SANDAG starts the I-15 FasTrak Program to improve traffic flow, and expand bus and rideshare services in the corridor."
1996,LU & EP,Regional Beach Monitoring Program established
1996,LU & EP,San Diego Regional Clean Cities Coalition
1996,Population2,2651549
1996,Housing Costs 1975,382.9533
1996,Jobs2,310290
1996,Unemployment Rate,5.35
1997,CrossBoarder,"SANDAG and COBRO began hosting Annual Binational Events to bring together stakeholders from both sides of the border to seek out solutions and identify opportunities around a wide range of topics ranging from water and energy supply,crossborder climate change to border wait times and homeland security issues."
1997,LU & EP,South County - Multiple Species Conservation Program
1997,Population2,2692600
1997,Housing Costs 1975,393.1596
1997,Jobs2,331130
1997,Unemployment Rate,4.28
1998,Tourism,Coors Amphitheatre opens in Chula Vista
1998,Tourism,Super Bowl held in (renamed) Qualcomm Stadium
1998,Tourism,Rock n’ Roll Marathon hold inaugural marathon
1998,Healthcare,"Scripps Center for Women’s Health, which includes 12 state-of-the-art birthing suites, opens at Scripps Memorial Hospital La Jolla."
1998,Political,"Voters approve convention center expansion, downtown Padres ballpark, $1.5 billion city school bonds."
1998,Global,Google is founded.
1998,Military,Navy embarked on a new era of Shore Management
1998,F.I.R.E.,"Voters approve convention center expansion, downtown Padres ballpark, $1.5 billion city school bonds."
1998,Mobility,San Diego International Airport: Port expands San Diego Airport Terminal 2
1998,Mobility,Mission Valley Line
1998,Population2,2736720
1998,Housing Costs 1975,429.8589
1998,Jobs2,362130
1998,Unemployment Rate,3.52
1999,Tourism,Legoland California opens in Carlsbad.
1999,Healthcare,"Scripps Health, Scripps Clinic and The Scripps Research Institute join forces to create the Scripps Cancer Center integrating basic research, clinical research, cancer care and community outreach."
1999,Goods Movement,"Mexico surpassed Japan to become California’s top export trade market. Mexico was second in total trade with the U.S., but is now third because China surpassed it as of 2006"
1999,Population2,2789593
1999,Housing Costs 1975,464.8209
1999,Jobs2,383570
1999,Unemployment Rate,3.13
2000,Tribal,Multiple Species Conservation Plan and Multiple Habitat Conservation Plans are passed for many cities in the region. Tribal nations feel frustration at the lack of inclusion of tribal boundaries
2000,Tribal,"Disaster Mitigation Act of 2000 is passed. This requires state, local, and Indian tribal governments to coordinate planning and implementation efforts"
2000,Civic,"MTDB and NCTD join SANDAG as advisory members, and SANDAG joins the Joint Committee on Regional Transit."
2000,Political,Dick Murphy elected Mayor of City of San Diego
2000,CrossBoarder,"Connecting roadway to the Otay Mesa POE (then Otay Mesa Road) is designated as an expressway was widened to six lanes in 2000. Before, it had 50 percent more traffic than it was designed to handleit was considered by the San Diego Union-Tribune as ""California's busiest trade route with Mexico""."
2000,CrossBoarder,SENTRI lane implemented at the San Ysidro POE
2000,LU & EP,"SANDAG adopts the $29 billion, 20-year Regional Transportation Plan to reduce traffic congestion and limit urban sprawl."
2000,population,2813833
2000,housing,1302600
2000,Jobs,994677
2000,Population2,2826314
2000,Housing Costs 1975,542.8882
2000,Jobs2,432050
2000,Unemployment Rate,3.93
2000,Knowledge Society: Technology,Business and Education partnerships
2001,Retail,Las Americas Premium Outlets opens in San Ysidro
2001,Tribal,The County Tribal Liaison Program was established
2001,Global,World Trade Center attack.
2001,Goods Movement,C-TPAT secure-cargo shipping program launched
2001,CrossBoarder,"SANDAG forms the Borders Policy Committee, which was reaffirmed in 2003 by law SB 1703, with Imperial County as a regular member, and representatives from neighboring Orange and Riverside Counties and Mexico. Tribal Governments, through the Southern California Tribal Chairmen’s Association, became Advisory Members of Borders, and later of the Board of Directors and other PACs."
2001,CrossBoarder,"Terrorist attacks of September 11, 2001 change the dynamics of border crossings around the country. Protective measures of the nation's borders begin scaling up."
2001,CrossBoarder,C-TPAT secure-cargo shipping program launched
2001,LU & EP,Regional Beach Sand Project
2001,Population2,2867449
2001,Housing Costs 1975,606.7861
2001,Jobs2,427420
2001,Unemployment Rate,4.18
2002,Healthcare,Sharp Memorial Hospital performs the first heart-kidney transplant in San Diego.
2002,Healthcare,Scripps opens Mercy Gardens to house AIDS/HIV patients on the campus of Scripps Mercy Hospital
2002,Tribal,SANDAG hold policy development Board meeting with tribal nations
2002,Tribal,The Native American Tribal Liaison Program was established to work with regional tribes.
2002,Civic,"SANDAG drafts a $42 billion, 30-year Regional Transportation Plan seeking to make public transit competitive with solo drivers during rush hours."
2002,Global,The Euro enters circulation
2002,CrossBoarder,"Under the Homeland Security Act (2002) the federal government establishes the Department of Homeland Security (DHS). Security, compliance and facilitation of international travel and trade is consolidated under Customs and Border Protection (U.S. CBP)."
2002,CrossBoarder,"DHS implements heightened security measures, shifting from mostly randomized screenings for cars and people to comprehensive checks for nearly all crossers. Other screenings included the collection of fingerprints and biometric data (i.e. USVISIT program). The level of comprehensive checks decreased over time as CBP began to experience capacity/resource issues."
2002,LU & EP,State of the Coast Report - Regional Beach Monitoring Program
2002,Population2,2896140
2002,Housing Costs 1975,694.5711
2002,Jobs2,413150
2002,Unemployment Rate,5.11
2003,Tourism,Super Bowl 37 held at Qualcomm Stadium
2003,Tribal,"The County of San Diego conducts a Traffic Impact Assessment related to tribal developments. The report identifies improvement opporunities on SR 76, 67, 94 as they are heavily trafficked roads for those heading to gaming facilities."
2003,Tribal,Caltrans and SANDAG create the first regional map that includes tribal nations
2003,Civic,"With the passage of state law (SB 1703), SANDAG becomes the consolidated regional agency on January 1. Transit planning, programming, project development, and construction will be consolidated into the regional agency during the next 13 months. Imperial County joins SANDAG as an advisory Board member."
2003,Civic,Imperial County joins SANDAG as an advisory Board member.
2003,LU & EP,North Country - Multiple Habitat Conservation Program
2003,LU & EP,Series 10: 2030 Regional Growth Forecast - Historical Projection
2003,Population2,2907988
2003,Housing Costs 1975,776.0586
2003,Jobs2,400810
2003,Unemployment Rate,5.17
2004,Tourism,Petco Park Opens
2004,Tourism,USS Midway opened as a museum to the public
2004,Retail,Carlsbad Premium Outlets opens name-brand and designer outlet shopping center.
2004,Tribal,SANDAG creates the Tribal Liaison Program
2004,Tribal,Transnet Extension Ordinance and Expenditure Plan approved by the voters. This provides funding for transportation and environmental efforts
2004,Civic,The Automated Regional Justice System (ARJIS) is consolidated into SANDAG.
2004,Political,San Diegan’s vote to Continue the existing half-cent transportation sales tax for forty years
2004,Global,Facebook is founded
2004,Goods Movement,BNSF is the major carrier in the county and its mainline extends from the border with Orange County down the coast to National City. The port of San Diego is the major freight supplier. In 2004 BNSF moved 2.8 million tons of freight and increase of 23.3 percent over 2003. BNSF also has a branch line between Escondido and Oceanside.
2004,CrossBoarder,"Congress passed the Intelligence Reform and Terrorism Prevention Act, which authorized increased spending adding 10,000 new agents to U.S. Border Patrol"
2004,Mobility,TransNet given 40 year extension
2004,LU & EP,Smart Growth Concept Map revealed
2004,LU & EP,Transet Environmental Mitigation Program
2004,Population2,2922175
2004,Housing Costs 1975,941.5309
2004,Jobs2,389900
2004,Unemployment Rate,4.7
2005,Tribal,"The Safe, Accountable Flexible, Efficient Transportation Equity Act: A Legacy for Users, the Indian Reservation Roads (IRR) program funding formula was revised to allow tribes to include off-reservation transportation facilities critical to reservations as part of their tribal transportation system."
2005,Tribal,Southern California Tribal Chairmen's Association (SCTCA) becomes Advisory Member to the Borders Committee
2005,Tribal,SB 18 require cities and counties to consult with tribal nations when conducting any element of the general plan
2005,Civic,The Independent Taxpayer Oversight Committee (ITOC) is formed in accordance with TransNet ordinance to monitor program operations.
2005,Political,Jerry Sanders elected Mayor of CIty of San Diego
2005,Global,Angela Merkel becomes Germany's first woman Chancellor.
2005,Global,Hurricane Katrina strikes the gulf states.
2005,Goods Movement,"SDIA handled more than 167,000 tons (air cargo)"
2005,LU & EP,Environmental Mitigation Program Working Group Established
2005,Population2,2927956
2005,Housing Costs 1975,1133.279
2005,Jobs2,390630
2005,Unemployment Rate,4.32
2006,Retail,Otay Ranch Shopping Center opens.
2006,Tribal,"The Safe, Accountable Flexible, Efficient Transportation Equity Act: A Legacy for Users, the Indian Reservation Roads (IRR) program funding formula was revised to allow tribes to include off-reservation transportation facilities critical to reservations as part of their tribal transportation system."
2006,Tribal,San Diego Regional Tribal Summit hosted by the Pala Band of Mission Indians
2006,Tribal,Interagency Technical Working Group on Tribal Transportation formed to facilitate exchange between tribal nations and public agencies. 14 of the 17 tribes in the region are members of the group.
2006,Tribal,Intertribal Court of Southern California begins operations.
2006,Global,Twitter is founded.
2006,Goods Movement,approximately $29.8 billion in trade was handled by the Otay Mesa and Tecate POEs in San Diego County
2006,CrossBoarder,"SANDAG completes the ""Economic Impacts of Wait Times at the San Diego–Baja California Border"" study, which was the first to quantify the economic impacts of delays experienced at the border."
2006,LU & EP,Sand Compatibility and Opportunistic Use Program
2006,LU & EP,Series 11: 2030 Regional Growth Forecast Update - Historical Projection
2006,Population2,2933959
2006,Housing Costs 1975,1175.95
2006,Jobs2,381360
2006,Unemployment Rate,3.96
2007,Education,"The campus successfully concludes The Campaign for UC San Diego, a seven-year initiative that raises more than $1.01 billion in private support from over 100,000 individuals and organizations."
2007,Healthcare,Sharp Memorial Hospital and San Diego Cardiac Center participate in the first-ever human gene transfer therapy clinical trial in patients with heart failure.
2007,Healthcare,"Scripps Mercy Hospital acquires da Vinci, an advanced robotic surgery system that can make many surgeries less invasive"
2007,Tribal,"The Safe, Accountable Flexible, Efficient Transportation Equity Act: A Legacy for Users, the Indian Reservation Roads (IRR) program funding formula was revised to allow tribes to include off-reservation transportation facilities critical to reservations as part of their tribal transportation system."
2007,Tribal,2007 Poomacha Fire destroyed 99% of the La Jolla band of Luseño reservation.
2007,Tribal,SANDAG and the Southern California Tribal Chairmen's Association signed MOU for representation on Board and Policy Advisory Committees
2007,Tribal,Tribal Transit Feasibility Study was conducted after Caltrans gave San Diego a technical grant. The study analyze connections between transit district and travel reservations. The study lead to improvements to I-15 to SR 76 and bus route improvement through a Reservation Transportation Authority grant
2007,Tribal,Intertribal Long-Term Recovery Foundation is formed after wildfires of 2007. The foundation addresses long-term recovery for Native American needs in relation to natural disasters
2007,Civic,Southern California Tribal Chairman's Association joins SANDAG as advisory member.
2007,Global,Steve jobs unveils the iPhone
2007,Goods Movement,SANDAG awarded $432 million in state infrastructure bond dollars for transportation improvements.
2007,Goods Movement,SANDAG and the City of Tijuana approve the Otay Mesa-Mesa de Otay Binational Corridor Strategic Plan.
2007,CrossBoarder,"The Imperial Valley Association of Governments completes the ""Imperial Valley-Mexicali Economic Delay Study"", which quantified impacts of delays experienced at the POEs in Imperial County."
2007,LU & EP,San Diego Regional Beach Sand Replenismnet Project Feasibility Study
2007,LU & EP,Coastal Regional Sediment Management Program
2007,Population2,2960625
2007,Housing Costs 1975,1109.501
2007,Jobs2,376420
2007,Unemployment Rate,4.55
2008,Healthcare,"Roger Tsien, PhD, professor of pharmacology, chemistry and biochemistry at UC San Diego School of Medicine, shares the Nobel Prize in chemistry for his work with glowing proteins, now being used as a surgical aid."
2008,Tribal,"The Safe, Accountable Flexible, Efficient Transportation Equity Act: A Legacy for Users, the Indian Reservation Roads (IRR) program funding formula was revised to allow tribes to include off-reservation transportation facilities critical to reservations as part of their tribal transportation system."
2008,Tribal,Tribal Transportation Feasibility Study conduct to understand the connections between the tribal reservations and the transit system
2008,Political,San Diego County records highest ever voter turnout in presidential general election
2008,Political,San Diegan’s vote to ban consuming alcohol at public parks and beaches
2008,Global,Barack Obama is elected as United States first African American President
2008,Military,San Diego Military Advisory Council (SDMAC) begins conducting its Military Economic Impact Study (MEIS)
2008,CrossBoarder,"Global Economic Recesson starts, significantly reducing the number of crossborder trips"
2008,CrossBoarder,"In an effort to address organized crime, U.S. and Mexican federal governments sign The Mérida Initiative. This instituted a higher level of binational cooperation and ushered in a ""21st-century border"" (included funding for border security/communications technology improvements). Later phases added Mexico's southern border as a focus for secirty funding, which impacted the volume of South American immigration."
2008,CrossBoarder,SANDAG is issued the U.S. Presidential Permit for the Otay Mesa East POE and also recieves Toll Authority through legislation (Senate Bill 1486).
2008,Mobility,The first stretch of I-15 Express Lanes opens.
2008,LU & EP,East County - Multiple Species Conservation Program
2008,Population2,3003793
2008,Housing Costs 1975,923.9957
2008,Jobs2,378040
2008,Unemployment Rate,6.02
2009,Tribal,"The Safe, Accountable Flexible, Efficient Transportation Equity Act: A Legacy for Users, the Indian Reservation Roads (IRR) program funding formula was revised to allow tribes to include off-reservation transportation facilities critical to reservations as part of their tribal transportation system."
2009,Tribal,Reservation Transportation Authority awarded Tribal Transit Grant to supplement North County Transit District route 388/389
2009,Global,"Burj Khalifa in Dubai, the world's tallest skyscraper, is completed."
2009,Goods Movement,the Water Authority played a key role in helping pass a historic legislative package designed to make long-term improvements in statewide water management and water supply reliability.
2009,CrossBoarder,"The Western Hemisphere Travel Initiative (WHTI) requires that all travelers entering the country, foreigners and U.S. citizens alike, must present a passport or other accepted document to prove their nationality and identity"
2009,Mobility,Launched SuperLoop service in University City.
2009,LU & EP,"Regional Alternative Fuels, Vehicles, and Infrastructure Report (SANDAG)"
2009,LU & EP,Regional Energy Strategy (SANDAG)
2009,LU & EP,"SANDAG and partner agencies acquired nine properties totaling nearly 1,000 acres for habitat conservation through TransNet Environmental Mitigation Program."
2009,Population2,3037115
2009,Housing Costs 1975,815.0923
2009,Jobs2,340760
2009,Unemployment Rate,9.38
2010,Tribal,San Diego Regional Tribal Summit hosted by the Rincon Band of Luiseno Indians. Emphasis on tribal employment and involvement of tribal nations and influence of tribal transportation projects
2010,Tribal,Creation of Office of the Tribal Advisor through Exec Order B-10-11 which emphasized the importance of tribal-state relations
2010,Political,Matt Hall elected Mayor of Carlsbad
2010,Global,Dilma Rousseff is elected as the first female president of Brazil.
2010,CrossBoarder,"SANDAG completes the ""San Diego and Imperial County Freight Gateway Study"", which became a key resource for planning around the dynamics of frieght movements throughout the border region."
2010,CrossBoarder,SR 905 is converted to a full freeway and a portion is opened to the public
2010,Mobility,SANDAG announces 2050 Regional Bike Plan
2010,Mobility,Compass Card program rolled out to all transit riders; monthly paper passes discontinued.
2010,LU & EP,Climate Action Strategy (SANDAG)
2010,LU & EP,Energy Roadmap Program
2010,LU & EP,Series 12: 2050 Regional Growth Forecast - Historical Projection
2010,population,3103306
2010,housing,1344400
2010,Jobs,1155001
2010,Population2,3103306
2010,Housing Costs 1975,810.8035
2010,Jobs2,304900
2010,Unemployment Rate,10.76
2011,Tribal,2050 RTP has a tribal component in the Project Evaluation and Performance Measures criteria
2011,Global,"Arab Spring: revolutions in Tunisia, Egypt and Libya follow, as well as uprisings in Yemen and Bahrain, and protests in several other Arab countries."
2011,Military,Navy Broadway Complex Redevelopment Project
2011,CrossBoarder,"Memorandum of Understanding is signed between key Otay Mesa East Port of Entry project partners (U.S. General Services Administration, U.S. CBP, U.S. Federal Highways Administration, Caltrans and SANDAG)"
2011,Mobility,SR 52 opens in March
2011,LU & EP,Sustainable Communities Strategy (SCS). First in the state
2011,LU & EP,Conservation and Open Space Element (County)
2011,population,3137372
2011,housing,1359000
2011,Jobs,1158423
2011,Population2,3137372
2011,Housing Costs 1975,772.0956
2011,Jobs2,296070
2011,Unemployment Rate,10.31
2011,Knowledge Society: Technology,Military begins pacific pivot
2012,Tribal,"The Moving Ahead for Progress in the 21st-Century Act, removed the provision that allowed tribes to include all preservation transportation facilities. This strips tribal resources to plan for mobility and transportation. See ""2005-2009"" for the original laws that were changed"
2012,Tribal,Helping Expedite and Avance Responsible Tribal Homeownership Act is passed. This helps conduct home ownership on tribal lands
2012,Tribal,AB 307 goes into effect. It creates a state and local mechanism for federally recognized tribes to be considered public agencies and entered joint power agreements (JPA).
2012,Tribal,VIejas enters JPA with Heartland Fire Authority
2012,Global,Skydiver Felix Baumgartner becomes the first person to break the sound barrier without a vehicle.
2012,Goods Movement,"SR 905 opened to traffic, providing access to Otay Mesa Port of Entry"
2012,Goods Movement,Dole extends
2012,CrossBoarder,"All roadway segments of SR 905 finish construction, connecting the border areas of San Ysidro and Otay Mesa to the I-5 and I-805 corridors"
2012,CrossBoarder,California Transportation Commission approves the implementation of State Route 11
2012,Mobility,Opened the last four miles of the I-15 Express Lanes.
2012,Mobility,Daimler launched the first all electric free-float carshare program in SD
2012,LU & EP,Buena Vista Lagoon Enhancement Prokect
2012,LU & EP,Regional Beach Sand Project
2012,population,3175201
2012,housing,1396900
2012,Jobs,1162331
2012,Population2,3175201
2012,Housing Costs 1975,772.5842
2012,Jobs2,298830
2012,Unemployment Rate,9.11
2013,Tourism,The Headquarters opens in former San Diego Police Headquarters
2013,Global,Pope Benedict XVI resigns and Pope Francis becomes Pope.
2013,HiTech,Forbes ranks San Diego among nation’s top 10 cities with greenest cars
2013,CrossBoarder,The western portion of the Las Americas Premium Outlets opens in San Ysidro
2013,LU & EP,Purchase of Agricultural Conservation Easement (PACE) Program (County)
2013,LU & EP,Series 13: 2050 Regional Growth Forecast
2013,population,3211248
2013,housing,1429900
2013,Jobs,1165502
2013,Population2,3211248
2013,Housing Costs 1975,855.4289
2013,Jobs2,294640
2013,Unemployment Rate,7.83
2014,Tourism,Holiday Bowl begins hosting power 5 conference teams
2014,Education,"The J. Craig Venter Institute—a $37 million research facility—is launched by alumnus J. Craig Venter. Researchers focus on everything from continued sequencing and analysis of the human genome, to new research in synthetic biology and cataloging and sequencing of the vast unseen life in the world’s oceans, rivers and soils."
2014,Healthcare,California Department of Public Health designates the five UC medical centers as the state's primary Ebola treatment centers.
2014,Tribal,San Diego Regional Tribal Summit hosted by the Barona Band of Mission Indians
2014,Political,Bill Wells elected Mayor of El Cajon
2014,Political,Mark Arapostathis elected Mayor of La Mesa
2014,Political,Steve Vaus elected Mayor of Poway
2014,Political,Kevin Faulconer elected Mayor of City of San Diego
2014,Political,Serge Dedina elected Mayor of Imperial Beach
2014,Political,Mary Salas elected Mayor of Chula Vista
2014,Global,The Rosetta spacecraft's Philae probe becomes the first to successfully land on a comet.
2014,Military,"SPAWAR has nearly 10,000 employees, and close to 5,000 of them work in San Diego developing the hardware and software that keeps naval forces connected. The business pumps more than $1.7 billion into the San Diego economy."
2014,HiTech,"SDG&E territory reached 10,000 electric vehicles on the road - California hit 100,000 mark"
2014,Goods Movement,Began construction to expand the San Ysidro Freight Rail Yard – an important project to expedite loading between freight cars and trucks.
2014,CrossBoarder,The eastern portion of the Las Americas Premium Outlets opens in San Ysidro
2014,CrossBoarder,"MOU signed between the State of California and the Mexican federal government, forming a binational oversight committee to expedite the OME project"
2014,CrossBoarder,"President Barack Obama announced an executive action on immigration reform, which granted temporary work permits and indefinite deportation exemptions to four million undocumented immigrants"
2014,Mobility,"Launched Rapid services along the I-15 corridor and in the Mid-City area, including Rapid 215, Rapid 235, and Rapid 237, and began construction on Downtown San Diego Rapid stations."
2014,LU & EP,Sustainable Communities Strategy (SCS)
2014,population,3250993
2014,housing,1458200
2014,Jobs,1172033
2014,Population2,3250993
2014,Housing Costs 1975,959.7177
2014,Jobs2,294380
2014,Unemployment Rate,6.42
2015,Tourism,Kaaboo Music and Arts Festival holds inaugural show in del mar
2015,Tribal,Federal legislation requires that federally recognized tribal governments be consulted in the development of Regional Transportation Plans (RTP) and programs
2015,Tribal,Fixing America's Surface Transportation (FAST) Act is passed and reinforces federal emphasis on tribal gov participation
2015,Tribal,San Diego Forward: The Regional Plan (2015 Regional Plan) and Sustainable Communities Strategy 2015 is approved. The RP focuses on transportation improvements in urban areas but most tribes live in rural areas. SANDAG plans on working with different stakeholders including tribal nations.
2015,Global,Liquid water is found on Mars.
2015,HiTech,"the Water Authority helped develop the nation's largest seawater desalination plant, the Claude ""Bud"" Lewis Carlsbad Desalination Plant. Commercial water production at the plant started in December 2015, and it produces approximately 50 million gallons of high-quality drinking water each day, further protecting the San Diego region from water supply shortages."
2015,CrossBoarder,"The Cross Border Xpress (CBX) facility opens to the public in December 2015, marking a milestone in binational collaboration and providing a direct connection between the U.S. (via the Otay Mesa area) and the Tijuana International Airport in Mexico."
2015,Mobility,Completed renovation of Trolley Blue Line stations from Barrio Logan to San Ysidro and added 65 new low-floor vehicles to the Orange and Blue Trolley Lines as part of the Trolley Renewal Project.
2015,Mobility,Completed construction on a .6-mile extension of the Bayshore Bikeway along Harbor Drive between 32nd Street and Vesta Street.
2015,population,3284061
2015,housing,1498000
2015,Jobs,1178856
2015,Population2,3284061
2015,Housing Costs 1975,999.7286
2015,Jobs2,286030
2015,Unemployment Rate,5.2
2016,Tourism,MLB sends All Star Week to Petco Park
2016,Tribal,"AB 52 establishes ""Tribal Cultural Resources"" category which requires consideration of tribal cultural value, scientific value, archaeological value"
2016,Tribal,Sustainable Groundwater Management Plans and strategies implemented. Many tribes participated as they sit on watersheds
2016,Political,John Minto elected Mayor of Santee
2016,Political,Raquel Vasquez elected Mayor of Lemon Grove and the first African American woman to be elected mayor in San Diego county
2016,Political,San Diegan’s vote no on proposed hotel tax to fund home stadium for San Diego Chargers
2016,Political,Catherine Blakespear elected Mayor of Encinitas
2016,Political,Richard Bailey elected Mayor of Coronado
2016,Global,Detection of gravitational waves by LIGO confirmed.
2016,Military,"An estimated total of $23 billion in direct spending related to defense was sent to San Diego County during fiscal year 2016, an amount equal to more than $7,000 for each of the county's residents."
2016,HiTech,"UC San Diego Health surgeons perform the region's first heart-liver transplant. The academic medical center is the only local hospital to perform heart-lung, living-donor liver, and multi-organ chest-abdominal transplants."
2016,Goods Movement,"the Port established a Blue Economy Incubator Program to assist in the creation, development, and scaling of new business ventures on San Diego Bay, focusing on aquaculture, or the cultivation of aquatic plants and rearing of aquatic animals for food; and on Blue Tech, particularly the research and development of technology for sustainable ocean use."
2016,Goods Movement,SY Freight Rail Yard and South Line Freight Rail Capacity projects
2016,CrossBoarder,"SANDAG and Caltrans open the first segment of State Route 11 to traffic, which provides access to the future OME POE. Key freeway connectors are also opened to traffic, linking SR 11 to the SR 905 and SR 125."
2016,Mobility,Mid Coast Trolley construction begins
2016,Mobility,"Opened Segment 1 of the SR 11/Otay Mesa East Port of Entry Project, a brand new freeway in Otay Mesa, near the U.S.-Mexico border."
2016,Mobility,"Completed the I-805 North Project, which created two carpool lanes between SR 52 and Mira Mesa Boulevard. The project also included a direct access ramp (DAR) at Carroll Canyon Road, which enables carpools, buses, and other eligible vehicles to go straight into the High-Occupancy Vehicle (HOV) lanes."
2016,LU & EP,Waste Management Plan for Alexan - Fashion Valley Project
2016,LU & EP,"As of December 2016, the TransNet Environmental Mitigation Grant Program has helped SANDAG acquire more than 8,600 acres of sensitive habitat in partnership with other organizations and conservation groups."
2016,population,3310280
2016,housing,1535700
2016,Jobs,1182982
2016,Population2,3310280
2016,Housing Costs 1975,1074.104
2016,Jobs2,284630
2016,Unemployment Rate,4.72
2017,Education,Sally Roush first woman to be named president of SDSU
2017,Tribal,"Tribal Consulation Plan approved by SCTCA and BOD board. Elements include leadership meetings between SANDAG and the SCTCA, policy listening sessions, a Tribal Transportation Working Group, a Tribal Summit, and collaboration in the 2019 Regional Plan."
2017,Tribal,"Tribal Consulation Plan approved by SCTCA and BOD board. Elements include leadership meetings between SANDAG and the SCTCA, policy listening sessions, a Tribal Transportation Working Group, a Tribal Summit, and collaboration in the 2019 Regional Plan."
2017,Global,"Britain triggers Article 50 of the Lisbon Treaty, official beginning the process known as Brexit."
2017,Military,SANDAG and Armed Forces MOA revised appointing Civilian CEO of Navy Region Southwest on Board and San Diego Regional Military Working Group
2017,Goods Movement,"The Port has two marine cargo terminals, Tenth Avenue and National City, which processed over 1.8 million tons of cargo in 2017 including automobiles, agricultural commodities, lumber, and wind energy components."
2017,Goods Movement,"Cruise ship terminals that are enjoying increased activity, with 88 cruise calls in 2017, up over 14 percent since 2015"
2017,CrossBoarder,Caltrans and SANDAG began pilot program to test technology which uses Wi-Fi detection equipment to measure border wait times.
2017,Mobility,"Completed $28.1 million in improvements to the Oceanside Transit Center, which made the station more efficient by adding a third track and an additional platform."
2017,LU & EP,"Waster Managemet Plan, 5 Year Review (county)"
2017,LU & EP,Management and Monitoring Strategic Plan for Conserved Lands in Western San Diego County: A Strategic Habitat Conservation Roadmap
2017,population,3325468
2017,housing,1565200
2017,Jobs,1190554
2017,Population2,3325468
2017,Housing Costs 1975,1160.043
2017,Jobs2,287830
2017,Unemployment Rate,4.02
2018,Education,UC San Diego is named the top public university in the nation for social mobility by Washington Monthly. One-third of the incoming 2018 class is the first in their family to attend a four-year college and 40 percent come from low-income households.
2018,Healthcare,"The Koman Family Outpatient Pavilion opens to patient care in March, 2018."
2018,Tribal,Intraregional Tribal Transportation Strategy developed as Early Action from 2015 Regional Plan
2018,Tribal,"San Diego Regional Tribal Summit hosted by the Pala Band of Mission Indians. This is the first time tribes discussed ""Emergency Preparedness and Management"" in detail"
2018,Civic,Approved the formation of a Regional Housing Needs Assessment (RHNA) Subcommittee to provide input and guidance during the development of the RHNA Plan.
2018,Civic,"Began recruitment for a SANDAG Independent Performance Auditor, who will report directly to the Board and Audit Committee and oversee and conduct independent examinations of SANDAG program, functions, and operations."
2018,Political,San Diegan’s vote to use the land currently occupied by SDCCU Stadium for SDSU extended facilities
2018,Political,Alejandra Sotelo-Solis elected Mayor of National City
2018,Political,Judy Ritter elected Mayor of Vista
2018,Political,Rebecca Jones elected Mayor of San Marcos
2018,Political,Paul McNamara elected Mayor of Escondido
2018,Political,"SANDAG’s binational partnership with the Mexican government was reinforced with the historic first visit of Honorable Luis Videgaray, the Secretary of Foreign Affairs of Mexico to a Board of Directors meeting."
2018,Global,Prince Harry marries American Megan Markle
2018,HiTech,"Port of San Diego has secured a nearly $5 million grant for the installation of a renewable, solar-powered microgrid at the Tenth Avenue Marine Terminal, one of the Port’s two marine cargo terminals."
2018,F.I.R.E.,"Real Estate brokers, agents, and manager account for over 4,000 jobs in San Diego County"
2018,F.I.R.E.,"more than 10,000 individuals employed in an insurance industry"
2018,F.I.R.E.,"Business and Financial Operations occupations account for more than 92,000 jobs in San Diego County"
2018,CrossBoarder,U.S. Presidential Permit authorizing the construction of the OME border crossing is renewed
2018,CrossBoarder,"The Secretary of Foreign Affairs of Mexico, Luis Videgaray, makes a historic first visit to SANDAG, underscoring the significance of binational and regional collaboration as well as the importance of the SR 11/ Otay Mesa East Port of Entry project."
2018,Mobility,dockless mobility exploded in San Diego
2018,population,3343364
2018,housing,1589000
2018,Jobs,1197407
2018,Population2,3343364
2018,Housing Costs 1975,1239.359
2018,Jobs2,288300
2018,Unemployment Rate,3.3
2019,Tribal,"San Diego Forward: The 2019-2050 Regional Plan is a planning effort that will combine an overall vision for the region's future. SANDAG plans on working with different stakeholders including tribal nations. Some of the goals of the region's tribes in accordance with the plan is to involve the tribes, improve tribal transportation and funding efforts to tribal lands, and information sharing/technical assistance."
2019,Political,Ellie Haviland elected Mayor of Del Mar
2019,Global,"The Event Horizon Telescope takes the first ever image of a black hole, at the core of the galaxy M87."
2019,HiTech,The San Diego region ranked #2 in the nation in solar installations.
2019,HiTech,"The San Diego Ocean Planning Partnership has released an interactive, user-friendly Web Mapping Application that is designed to help users better understand the dynamic ocean space and ocean-related data offshore San Diego County."
2019,Goods Movement,SR 11: construction started on the last segments of the highway
2019,Goods Movement,"Major industrial users including shipbuilding and boat building and repair facilities such as National Steel and Shipbuilding Company, BAE Systems Ship Repair, Huntington Ingalls Industries, and Marine Group Boat Works"
2019,CrossBoarder,"All right-of-way is secured for the site of the future OME POE, as well as remainder of needed right-of-way for SR 11"
2019,CrossBoarder,"The Governors of California, Baja California and Baja California Sur announce the reactivation of the Commission of Las Californias."
2019,Mobility,"Launched South Bay Rapid Service between the Otay Mesa Transit Center (at the Otay Mesa international border crossing), the communities of eastern Chula Vista, and downtown San Diego."
2019,LU & EP,Climate Action Plan (City of San Diego)
2019,Jobs2,284600
2019,Unemployment Rate,3.18
2020,Military,NAVWAR Redevelopment Exclusivity Agreement
2020,Goods Movement,"The new United States, Mexico, and Canada Free Trade Agreement (USMCA) is signed by President Trump after several iterations. The agreement is not in effect as it is pending congressional ratification from Canada."
2020,CrossBoarder,"The new United States, Mexico, and Canada Free Trade Agreement (USMCA) is signed by President Donald Trump after several iterations. The agreement is not in affect as it is pending full congretional ratification from Canada."
1769-1821,Tribal,Local Native Americans become skilled horsemen and fur traders. They provide the labor force for the first Spanish led communities.
1821-1850,Tribal,Independent Kumeyaay warriors begin to dominate most of inland San Diego County
1850-1930,Tribal,"Local Native Americans work as tradesmen work in coastal communities, some take crewmen positions on whaling ships"
1850-1931,Tribal,Local Native Americans provide domestic and day labor for the building of initial San Diego infrastructure.
1850-1932,Tribal,"Treaty lands, pueblos lands and water sources are taken or diverted from the Local Native Americans to supply the growing coastal population"
1850-1933,Tribal,Railroad and Real Estate speculators combine with city boosters to create a glamorized portrayal of California history and the missions
1850-1934,Tribal,"Local Native Americans provide the labor for the first highways, telegraph and railroad through the eastern mountains and desert"
1850-1935,Tribal,Native Americans become the backbone of the first migratory crop pickers in California
1970s,CrossBoarder,Mexico became SANDAG Advisory Board Member (then City of San Diego Councilmember Jim Bates led this initiative)
2001 - Present,LU & EP,Regional Beach Monitoring Program Annual Report and Appendixes
2017 - present,LU & EP,North County - Multiple Species Conservation Program Development Starter
2017 - present,LU & EP,Quino Butterfly Addition to South County MSCP
Pre-1769,Tribal,"Over millenia, local Native Americans establish a rich, productive balance with the local natural resources; sufficient for a population in the tens of thousands."
Pre-1769,Tribal,"Local Native Americans harvest the sea, manage the chaparral and learn to utilize the deserts of Imperial Valley"
Pre-1769,Tribal,"Local Native Americanschart the sky as astronomers, master the botanical characteristics of local plants, create and enhance water storage in wetlands."
Pre-colonial,Tribal,"Archeological evidence shows at least 12,000 years of habitation in San Diego County, including the border region. Kumeyaay inhabit the land that will become the cities of San Diego and Tijuana."
Pre-colonial,Tribal,"The four ethnic groups that have lived in the San Diego region are: Kumeyaay, Cupeño, Cahuilla, Luseño"
Pre-colonial,CrossBoarder,"Archeological evidence shows at least 10,000 years of habitation in San Diego County, including the border region. Native tribes including the Pai Pai, Cucupa, and the Kumeyaay inhabit the land that will become San Diego and Tijuana."
,Goods Movement,Pipelines
,Goods Movement,"Railroads (SDAE, Santa Fe and BNSF)"
,Goods Movement,SR 11 various segments